department,AVG(previous_year_rating)
Technology,3.20100045475216
HR,3.5481347773766547
"Sales & Marketing",3.186240381091975
Procurement,3.2859375
Finance,3.5280548628428927
Analytics,3.5044195639363585
Operations,3.6611804767309875
Legal,3.4367469879518073
R&D,3.6867469879518073
